entity,entity_code,is_aggregate_entity,date,series,is_aggregate_series,generation_twh,generation_share_pct,generation_kwh_per_capita,generation_ytd_twh,generation_ytd_share_pct,generation_ytd_kwh_per_capita,IPI_Value,CPI_Value,Year,GDP_VND_Trillion,Oil_Price,Oil_Change_Percent
Viet Nam,VNM,False,2019-01-01,Coal,False,9.63,53.89,99.1,9.63,53.89,99.1,134.05,100.1,2019,7700.0,60.84,12.62
Viet Nam,VNM,False,2019-01-01,Gas,False,4.12,23.06,42.4,4.12,23.06,42.4,134.05,100.1,2019,7700.0,60.84,12.62
Viet Nam,VNM,False,2019-01-01,Hydro,False,3.39,18.97,34.89,3.39,18.97,34.89,134.05,100.1,2019,7700.0,60.84,12.62
Viet Nam,VNM,False,2019-01-01,Other fossil,False,0.0,0.0,0.0,0.0,0.0,0.0,134.05,100.1,2019,7700.0,60.84,12.62
Viet Nam,VNM,False,2019-01-01,Solar,False,0.0,0.0,0.0,0.0,0.0,0.0,134.05,100.1,2019,7700.0,60.84,12.62
Viet Nam,VNM,False,2019-01-01,Total generation,True,17.87,100.0,183.9,17.87,100.0,183.9,134.05,100.1,2019,7700.0,60.84,12.62
Viet Nam,VNM,False,2019-01-01,Wind,False,0.73,4.09,7.51,0.73,4.09,7.51,134.05,100.1,2019,7700.0,60.84,12.62
Viet Nam,VNM,False,2019-02-01,Coal,False,9.9,52.41,101.88,19.53,53.13,200.98,108.37,100.8,2019,7700.0,66.31,8.99
Viet Nam,VNM,False,2019-02-01,Gas,False,3.64,19.27,37.46,7.76,21.11,79.86,108.37,100.8,2019,7700.0,66.31,8.99
Viet Nam,VNM,False,2019-02-01,Hydro,False,5.33,28.22,54.85,8.72,23.72,89.74,108.37,100.8,2019,7700.0,66.31,8.99
Viet Nam,VNM,False,2019-02-01,Other fossil,False,0.02,0.11,0.21,0.02,0.05,0.21,108.37,100.8,2019,7700.0,66.31,8.99
Viet Nam,VNM,False,2019-02-01,Solar,False,0.0,0.0,0.0,0.0,0.0,0.0,108.37,100.8,2019,7700.0,66.31,8.99
Viet Nam,VNM,False,2019-02-01,Total generation,True,18.89,100.0,194.39,36.76,100.0,378.29,108.37,100.8,2019,7700.0,66.31,8.99
Viet Nam,VNM,False,2019-02-01,Wind,False,0.0,0.0,0.0,0.73,1.99,7.51,108.37,100.8,2019,7700.0,66.31,8.99
Viet Nam,VNM,False,2019-03-01,Coal,False,8.43,52.33,86.75,27.96,52.88,287.73,134.77,99.79,2019,7700.0,67.58,1.92
Viet Nam,VNM,False,2019-03-01,Gas,False,3.49,21.66,35.92,11.25,21.28,115.77,134.77,99.79,2019,7700.0,67.58,1.92
Viet Nam,VNM,False,2019-03-01,Hydro,False,4.11,25.51,42.3,12.83,24.27,132.03,134.77,99.79,2019,7700.0,67.58,1.92
Viet Nam,VNM,False,2019-03-01,Other fossil,False,0.0,0.0,0.0,0.02,0.04,0.21,134.77,99.79,2019,7700.0,67.58,1.92
Viet Nam,VNM,False,2019-03-01,Solar,False,0.08,0.5,0.82,0.08,0.15,0.82,134.77,99.79,2019,7700.0,67.58,1.92
Viet Nam,VNM,False,2019-03-01,Total generation,True,16.11,100.0,165.79,52.87,100.0,544.08,134.77,99.79,2019,7700.0,67.58,1.92
Viet Nam,VNM,False,2019-03-01,Wind,False,0.0,0.0,0.0,0.73,1.38,7.51,134.77,99.79,2019,7700.0,67.58,1.92
Viet Nam,VNM,False,2019-04-01,Coal,False,10.6,53.0,109.08,38.56,52.92,396.81,134.56,100.31,2019,7700.0,72.06,6.63
Viet Nam,VNM,False,2019-04-01,Gas,False,3.88,19.4,39.93,15.13,20.76,155.7,134.56,100.31,2019,7700.0,72.06,6.63
Viet Nam,VNM,False,2019-04-01,Hydro,False,5.44,27.2,55.98,18.27,25.07,188.01,134.56,100.31,2019,7700.0,72.06,6.63
Viet Nam,VNM,False,2019-04-01,Other fossil,False,0.0,0.0,0.0,0.02,0.03,0.21,134.56,100.31,2019,7700.0,72.06,6.63
Viet Nam,VNM,False,2019-04-01,Solar,False,0.08,0.4,0.82,0.16,0.22,1.65,134.56,100.31,2019,7700.0,72.06,6.63
Viet Nam,VNM,False,2019-04-01,Total generation,True,20.0,100.0,205.82,72.87,100.0,749.89,134.56,100.31,2019,7700.0,72.06,6.63
Viet Nam,VNM,False,2019-04-01,Wind,False,0.0,0.0,0.0,0.73,1.0,7.51,134.56,100.31,2019,7700.0,72.06,6.63
Viet Nam,VNM,False,2019-05-01,Coal,False,11.18,53.6,115.05,49.74,53.07,511.87,138.69,100.49,2019,7700.0,61.99,-13.97
Viet Nam,VNM,False,2019-05-01,Gas,False,3.84,18.41,39.52,18.97,20.24,195.22,138.69,100.49,2019,7700.0,61.99,-13.97
Viet Nam,VNM,False,2019-05-01,Hydro,False,5.47,26.22,56.29,23.74,25.33,244.3,138.69,100.49,2019,7700.0,61.99,-13.97
Viet Nam,VNM,False,2019-05-01,Other fossil,False,0.17,0.81,1.75,0.19,0.2,1.96,138.69,100.49,2019,7700.0,61.99,-13.97
Viet Nam,VNM,False,2019-05-01,Solar,False,0.2,0.96,2.06,0.36,0.38,3.7,138.69,100.49,2019,7700.0,61.99,-13.97
Viet Nam,VNM,False,2019-05-01,Total generation,True,20.86,100.0,214.67,93.73,100.0,964.56,138.69,100.49,2019,7700.0,61.99,-13.97
Viet Nam,VNM,False,2019-05-01,Wind,False,0.0,0.0,0.0,0.73,0.78,7.51,138.69,100.49,2019,7700.0,61.99,-13.97
Viet Nam,VNM,False,2019-06-01,Coal,False,10.4,48.46,107.02,60.14,52.21,618.89,134.1,99.91,2019,7700.0,64.74,4.44
Viet Nam,VNM,False,2019-06-01,Gas,False,3.84,17.89,39.52,22.81,19.8,234.73,134.1,99.91,2019,7700.0,64.74,4.44
Viet Nam,VNM,False,2019-06-01,Hydro,False,6.12,28.52,62.98,29.86,25.92,307.28,134.1,99.91,2019,7700.0,64.74,4.44
Viet Nam,VNM,False,2019-06-01,Other fossil,False,0.58,2.7,5.97,0.77,0.67,7.92,134.1,99.91,2019,7700.0,64.74,4.44
Viet Nam,VNM,False,2019-06-01,Solar,False,0.52,2.42,5.35,0.88,0.76,9.06,134.1,99.91,2019,7700.0,64.74,4.44
Viet Nam,VNM,False,2019-06-01,Total generation,True,21.46,100.0,220.84,115.19,100.0,1185.4,134.1,99.91,2019,7700.0,64.74,4.44
Viet Nam,VNM,False,2019-06-01,Wind,False,0.0,0.0,0.0,0.73,0.63,7.51,134.1,99.91,2019,7700.0,64.74,4.44
Viet Nam,VNM,False,2019-07-01,Coal,False,10.47,48.34,107.75,70.61,51.6,726.64,141.57,100.18,2019,7700.0,65.05,0.48
Viet Nam,VNM,False,2019-07-01,Gas,False,3.65,16.85,37.56,26.46,19.34,272.3,141.57,100.18,2019,7700.0,65.05,0.48
Viet Nam,VNM,False,2019-07-01,Hydro,False,6.9,31.86,71.01,36.76,26.86,378.29,141.57,100.18,2019,7700.0,65.05,0.48
Viet Nam,VNM,False,2019-07-01,Other fossil,False,0.0,0.0,0.0,0.77,0.56,7.92,141.57,100.18,2019,7700.0,65.05,0.48
Viet Nam,VNM,False,2019-07-01,Solar,False,0.64,2.95,6.59,1.52,1.11,15.64,141.57,100.18,2019,7700.0,65.05,0.48
Viet Nam,VNM,False,2019-07-01,Total generation,True,21.66,100.0,222.9,136.85,100.0,1408.3,141.57,100.18,2019,7700.0,65.05,0.48
Viet Nam,VNM,False,2019-07-01,Wind,False,0.0,0.0,0.0,0.73,0.53,7.51,141.57,100.18,2019,7700.0,65.05,0.48
Viet Nam,VNM,False,2019-08-01,Coal,False,8.99,42.87,92.51,79.6,50.44,819.15,149.27,100.28,2019,7700.0,59.25,-8.92
Viet Nam,VNM,False,2019-08-01,Gas,False,3.35,15.98,34.47,29.81,18.89,306.77,149.27,100.28,2019,7700.0,59.25,-8.92
Viet Nam,VNM,False,2019-08-01,Hydro,False,7.97,38.01,82.02,44.73,28.34,460.31,149.27,100.28,2019,7700.0,59.25,-8.92
Viet Nam,VNM,False,2019-08-01,Other fossil,False,0.01,0.05,0.1,0.78,0.49,8.03,149.27,100.28,2019,7700.0,59.25,-8.92
Viet Nam,VNM,False,2019-08-01,Solar,False,0.65,3.1,6.69,2.17,1.37,22.33,149.27,100.28,2019,7700.0,59.25,-8.92
Viet Nam,VNM,False,2019-08-01,Total generation,True,20.97,100.0,215.8,157.82,100.0,1624.1,149.27,100.28,2019,7700.0,59.25,-8.92
Viet Nam,VNM,False,2019-08-01,Wind,False,0.0,0.0,0.0,0.73,0.46,7.51,149.27,100.28,2019,7700.0,59.25,-8.92
Viet Nam,VNM,False,2019-09-01,Coal,False,8.46,43.7,87.06,88.06,49.7,906.21,148.62,100.32,2019,7700.0,59.25,0.0
Viet Nam,VNM,False,2019-09-01,Gas,False,3.04,15.7,31.28,32.85,18.54,338.05,148.62,100.32,2019,7700.0,59.25,0.0
Viet Nam,VNM,False,2019-09-01,Hydro,False,7.25,37.45,74.61,51.98,29.34,534.92,148.62,100.32,2019,7700.0,59.25,0.0
Viet Nam,VNM,False,2019-09-01,Other fossil,False,0.0,0.0,0.0,0.78,0.44,8.03,148.62,100.32,2019,7700.0,59.25,0.0
Viet Nam,VNM,False,2019-09-01,Solar,False,0.61,3.15,6.28,2.78,1.57,28.61,148.62,100.32,2019,7700.0,59.25,0.0
Viet Nam,VNM,False,2019-09-01,Total generation,True,19.36,100.0,199.23,177.18,100.0,1823.33,148.62,100.32,2019,7700.0,59.25,0.0
Viet Nam,VNM,False,2019-09-01,Wind,False,0.0,0.0,0.0,0.73,0.41,7.51,148.62,100.32,2019,7700.0,59.25,0.0
Viet Nam,VNM,False,2019-10-01,Coal,False,9.5,47.6,97.76,97.56,49.49,1003.97,152.9,100.59,2019,7700.0,59.62,0.62
Viet Nam,VNM,False,2019-10-01,Gas,False,3.33,16.68,34.27,36.18,18.35,372.32,152.9,100.59,2019,7700.0,59.62,0.62
Viet Nam,VNM,False,2019-10-01,Hydro,False,6.24,31.26,64.21,58.22,29.53,599.13,152.9,100.59,2019,7700.0,59.62,0.62
Viet Nam,VNM,False,2019-10-01,Other fossil,False,0.39,1.95,4.01,1.17,0.59,12.04,152.9,100.59,2019,7700.0,59.62,0.62
Viet Nam,VNM,False,2019-10-01,Solar,False,0.45,2.25,4.63,3.23,1.64,33.24,152.9,100.59,2019,7700.0,59.62,0.62
Viet Nam,VNM,False,2019-10-01,Total generation,True,19.96,100.0,205.41,197.14,100.0,2028.74,152.9,100.59,2019,7700.0,59.62,0.62
Viet Nam,VNM,False,2019-10-01,Wind,False,0.05,0.25,0.51,0.78,0.4,8.03,152.9,100.59,2019,7700.0,59.62,0.62
Viet Nam,VNM,False,2019-11-01,Coal,False,11.03,48.36,113.51,108.59,49.37,1117.48,146.74,100.96,2019,7700.0,60.49,1.46
Viet Nam,VNM,False,2019-11-01,Gas,False,4.31,18.9,44.35,40.49,18.41,416.68,146.74,100.96,2019,7700.0,60.49,1.46
Viet Nam,VNM,False,2019-11-01,Hydro,False,6.8,29.81,69.98,65.02,29.56,669.11,146.74,100.96,2019,7700.0,60.49,1.46
Viet Nam,VNM,False,2019-11-01,Other fossil,False,0.0,0.0,0.0,1.17,0.53,12.04,146.74,100.96,2019,7700.0,60.49,1.46
Viet Nam,VNM,False,2019-11-01,Solar,False,0.0,0.0,0.0,3.23,1.47,33.24,146.74,100.96,2019,7700.0,60.49,1.46
Viet Nam,VNM,False,2019-11-01,Total generation,True,22.81,100.0,234.73,219.95,100.0,2263.47,146.74,100.96,2019,7700.0,60.49,1.46
Viet Nam,VNM,False,2019-11-01,Wind,False,0.67,2.94,6.89,1.45,0.66,14.92,146.74,100.96,2019,7700.0,60.49,1.46
Viet Nam,VNM,False,2019-12-01,Coal,False,9.9,47.08,101.88,118.49,49.17,1219.36,147.4,101.4,2019,7700.0,65.29,7.94
Viet Nam,VNM,False,2019-12-01,Gas,False,3.64,17.31,37.46,44.13,18.31,454.13,147.4,101.4,2019,7700.0,65.29,7.94
Viet Nam,VNM,False,2019-12-01,Hydro,False,6.99,33.24,71.93,72.01,29.88,741.04,147.4,101.4,2019,7700.0,65.29,7.94
Viet Nam,VNM,False,2019-12-01,Other fossil,False,0.13,0.62,1.34,1.3,0.54,13.38,147.4,101.4,2019,7700.0,65.29,7.94
Viet Nam,VNM,False,2019-12-01,Solar,False,0.37,1.76,3.81,3.6,1.49,37.05,147.4,101.4,2019,7700.0,65.29,7.94
Viet Nam,VNM,False,2019-12-01,Total generation,True,21.03,100.0,216.42,240.98,100.0,2479.89,147.4,101.4,2019,7700.0,65.29,7.94
Viet Nam,VNM,False,2019-12-01,Wind,False,0.0,0.0,0.0,1.45,0.6,14.92,147.4,101.4,2019,7700.0,65.29,7.94
Viet Nam,VNM,False,2020-01-01,Coal,False,11.05,60.71,112.66,11.05,60.71,112.66,123.31,101.23,2020,8044.4,56.62,-13.28
Viet Nam,VNM,False,2020-01-01,Gas,False,3.57,19.62,36.4,3.57,19.62,36.4,123.31,101.23,2020,8044.4,56.62,-13.28
Viet Nam,VNM,False,2020-01-01,Hydro,False,2.08,11.43,21.21,2.08,11.43,21.21,123.31,101.23,2020,8044.4,56.62,-13.28
Viet Nam,VNM,False,2020-01-01,Other fossil,False,0.55,3.02,5.61,0.55,3.02,5.61,123.31,101.23,2020,8044.4,56.62,-13.28
Viet Nam,VNM,False,2020-01-01,Solar,False,0.74,4.07,7.54,0.74,4.07,7.54,123.31,101.23,2020,8044.4,56.62,-13.28
Viet Nam,VNM,False,2020-01-01,Total generation,True,18.2,100.0,185.56,18.2,100.0,185.56,123.31,101.23,2020,8044.4,56.62,-13.28
Viet Nam,VNM,False,2020-01-01,Wind,False,0.21,1.15,2.14,0.21,1.15,2.14,123.31,101.23,2020,8044.4,56.62,-13.28
Viet Nam,VNM,False,2020-02-01,Coal,False,10.23,56.46,104.3,21.28,58.59,216.97,128.9,99.83,2020,8044.4,49.67,-12.27
Viet Nam,VNM,False,2020-02-01,Gas,False,3.01,16.61,30.69,6.58,18.12,67.09,128.9,99.83,2020,8044.4,49.67,-12.27
Viet Nam,VNM,False,2020-02-01,Hydro,False,3.9,21.52,39.76,5.98,16.46,60.97,128.9,99.83,2020,8044.4,49.67,-12.27
Viet Nam,VNM,False,2020-02-01,Other fossil,False,0.08,0.44,0.82,0.63,1.73,6.42,128.9,99.83,2020,8044.4,49.67,-12.27
Viet Nam,VNM,False,2020-02-01,Solar,False,0.79,4.36,8.05,1.53,4.21,15.6,128.9,99.83,2020,8044.4,49.67,-12.27
Viet Nam,VNM,False,2020-02-01,Total generation,True,18.12,100.0,184.75,36.32,100.0,370.31,128.9,99.83,2020,8044.4,49.67,-12.27
Viet Nam,VNM,False,2020-02-01,Wind,False,0.11,0.61,1.12,0.32,0.88,3.26,128.9,99.83,2020,8044.4,49.67,-12.27
Viet Nam,VNM,False,2020-03-01,Coal,False,12.64,63.97,128.88,33.92,60.49,345.84,137.63,99.28,2020,8044.4,26.35,-46.95
Viet Nam,VNM,False,2020-03-01,Gas,False,2.87,14.52,29.26,9.45,16.85,96.35,137.63,99.28,2020,8044.4,26.35,-46.95
Viet Nam,VNM,False,2020-03-01,Hydro,False,2.95,14.93,30.08,8.93,15.92,91.05,137.63,99.28,2020,8044.4,26.35,-46.95
Viet Nam,VNM,False,2020-03-01,Other fossil,False,0.39,1.97,3.98,1.02,1.82,10.4,137.63,99.28,2020,8044.4,26.35,-46.95
Viet Nam,VNM,False,2020-03-01,Solar,False,0.78,3.95,7.95,2.31,4.12,23.55,137.63,99.28,2020,8044.4,26.35,-46.95
Viet Nam,VNM,False,2020-03-01,Total generation,True,19.76,100.0,201.47,56.08,100.0,571.78,137.63,99.28,2020,8044.4,26.35,-46.95
Viet Nam,VNM,False,2020-03-01,Wind,False,0.13,0.66,1.33,0.45,0.8,4.59,137.63,99.28,2020,8044.4,26.35,-46.95
Viet Nam,VNM,False,2020-04-01,Coal,False,11.42,62.82,116.44,45.34,61.06,462.28,116.48,98.46,2020,8044.4,26.48,0.49
Viet Nam,VNM,False,2020-04-01,Gas,False,3.16,17.38,32.22,12.61,16.98,128.57,116.48,98.46,2020,8044.4,26.48,0.49
Viet Nam,VNM,False,2020-04-01,Hydro,False,2.67,14.69,27.22,11.6,15.62,118.27,116.48,98.46,2020,8044.4,26.48,0.49
Viet Nam,VNM,False,2020-04-01,Other fossil,False,0.0,0.0,0.0,1.02,1.37,10.4,116.48,98.46,2020,8044.4,26.48,0.49
Viet Nam,VNM,False,2020-04-01,Solar,False,0.82,4.51,8.36,3.13,4.21,31.91,116.48,98.46,2020,8044.4,26.48,0.49
Viet Nam,VNM,False,2020-04-01,Total generation,True,18.18,100.0,185.36,74.26,100.0,757.14,116.48,98.46,2020,8044.4,26.48,0.49
Viet Nam,VNM,False,2020-04-01,Wind,False,0.11,0.61,1.12,0.56,0.75,5.71,116.48,98.46,2020,8044.4,26.48,0.49
Viet Nam,VNM,False,2020-05-01,Coal,False,12.76,60.42,130.1,58.1,60.91,592.38,130.64,99.97,2020,8044.4,37.84,42.9
Viet Nam,VNM,False,2020-05-01,Gas,False,3.33,15.77,33.95,15.94,16.71,162.52,130.64,99.97,2020,8044.4,37.84,42.9
Viet Nam,VNM,False,2020-05-01,Hydro,False,4.12,19.51,42.01,15.72,16.48,160.28,130.64,99.97,2020,8044.4,37.84,42.9
Viet Nam,VNM,False,2020-05-01,Other fossil,False,0.01,0.05,0.1,1.03,1.08,10.5,130.64,99.97,2020,8044.4,37.84,42.9
Viet Nam,VNM,False,2020-05-01,Solar,False,0.83,3.93,8.46,3.96,4.15,40.38,130.64,99.97,2020,8044.4,37.84,42.9
Viet Nam,VNM,False,2020-05-01,Total generation,True,21.12,100.0,215.34,95.38,100.0,972.48,130.64,99.97,2020,8044.4,37.84,42.9
Viet Nam,VNM,False,2020-05-01,Wind,False,0.07,0.33,0.71,0.63,0.66,6.42,130.64,99.97,2020,8044.4,37.84,42.9
Viet Nam,VNM,False,2020-06-01,Coal,False,11.68,54.02,119.09,69.78,59.64,711.47,140.09,100.66,2020,8044.4,41.27,9.06
Viet Nam,VNM,False,2020-06-01,Gas,False,3.29,15.22,33.54,19.23,16.44,196.07,140.09,100.66,2020,8044.4,41.27,9.06
Viet Nam,VNM,False,2020-06-01,Hydro,False,5.83,26.97,59.44,21.55,18.42,219.72,140.09,100.66,2020,8044.4,41.27,9.06
Viet Nam,VNM,False,2020-06-01,Other fossil,False,0.0,0.0,0.0,1.03,0.88,10.5,140.09,100.66,2020,8044.4,41.27,9.06
Viet Nam,VNM,False,2020-06-01,Solar,False,0.75,3.47,7.65,4.71,4.03,48.02,140.09,100.66,2020,8044.4,41.27,9.06
Viet Nam,VNM,False,2020-06-01,Total generation,True,21.62,100.0,220.43,117.0,100.0,1192.91,140.09,100.66,2020,8044.4,41.27,9.06
Viet Nam,VNM,False,2020-06-01,Wind,False,0.07,0.32,0.71,0.7,0.6,7.14,140.09,100.66,2020,8044.4,41.27,9.06
Viet Nam,VNM,False,2020-07-01,Coal,False,11.1,48.58,113.17,80.88,57.83,824.64,147.27,100.4,2020,8044.4,43.52,5.45
Viet Nam,VNM,False,2020-07-01,Gas,False,3.16,13.83,32.22,22.39,16.01,228.28,147.27,100.4,2020,8044.4,43.52,5.45
Viet Nam,VNM,False,2020-07-01,Hydro,False,7.67,33.57,78.2,29.22,20.89,297.92,147.27,100.4,2020,8044.4,43.52,5.45
Viet Nam,VNM,False,2020-07-01,Other fossil,False,0.0,0.0,0.0,1.03,0.74,10.5,147.27,100.4,2020,8044.4,43.52,5.45
Viet Nam,VNM,False,2020-07-01,Solar,False,0.85,3.72,8.67,5.56,3.98,56.69,147.27,100.4,2020,8044.4,43.52,5.45
Viet Nam,VNM,False,2020-07-01,Total generation,True,22.85,100.0,232.97,139.85,100.0,1425.89,147.27,100.4,2020,8044.4,43.52,5.45
Viet Nam,VNM,False,2020-07-01,Wind,False,0.07,0.31,0.71,0.77,0.55,7.85,147.27,100.4,2020,8044.4,43.52,5.45
Viet Nam,VNM,False,2020-08-01,Coal,False,8.0,37.52,81.57,88.88,55.15,906.21,152.36,100.07,2020,8044.4,45.66,4.92
Viet Nam,VNM,False,2020-08-01,Gas,False,2.56,12.01,26.1,24.95,15.48,254.39,152.36,100.07,2020,8044.4,45.66,4.92
Viet Nam,VNM,False,2020-08-01,Hydro,False,9.81,46.01,100.02,39.03,24.22,397.94,152.36,100.07,2020,8044.4,45.66,4.92
Viet Nam,VNM,False,2020-08-01,Other fossil,False,0.01,0.05,0.1,1.04,0.65,10.6,152.36,100.07,2020,8044.4,45.66,4.92
Viet Nam,VNM,False,2020-08-01,Solar,False,0.83,3.89,8.46,6.39,3.96,65.15,152.36,100.07,2020,8044.4,45.66,4.92
Viet Nam,VNM,False,2020-08-01,Total generation,True,21.32,100.0,217.38,161.17,100.0,1643.26,152.36,100.07,2020,8044.4,45.66,4.92
Viet Nam,VNM,False,2020-08-01,Wind,False,0.11,0.52,1.12,0.88,0.55,8.97,152.36,100.07,2020,8044.4,45.66,4.92
Viet Nam,VNM,False,2020-09-01,Coal,False,8.42,39.87,85.85,97.3,53.38,992.06,157.33,100.12,2020,8044.4,42.3,-7.36
Viet Nam,VNM,False,2020-09-01,Gas,False,2.46,11.65,25.08,27.41,15.04,279.47,157.33,100.12,2020,8044.4,42.3,-7.36
Viet Nam,VNM,False,2020-09-01,Hydro,False,9.35,44.27,95.33,48.38,26.54,493.27,157.33,100.12,2020,8044.4,42.3,-7.36
Viet Nam,VNM,False,2020-09-01,Other fossil,False,0.0,0.0,0.0,1.04,0.57,10.6,157.33,100.12,2020,8044.4,42.3,-7.36
Viet Nam,VNM,False,2020-09-01,Solar,False,0.84,3.98,8.56,7.23,3.97,73.72,157.33,100.12,2020,8044.4,42.3,-7.36
Viet Nam,VNM,False,2020-09-01,Total generation,True,21.12,100.0,215.34,182.29,100.0,1858.6,157.33,100.12,2020,8044.4,42.3,-7.36
Viet Nam,VNM,False,2020-09-01,Wind,False,0.05,0.24,0.51,0.93,0.51,9.48,157.33,100.12,2020,8044.4,42.3,-7.36
Viet Nam,VNM,False,2020-10-01,Coal,False,6.45,32.17,65.76,103.75,51.28,1057.82,160.97,100.09,2020,8044.4,37.94,-10.31
Viet Nam,VNM,False,2020-10-01,Gas,False,2.27,11.32,23.14,29.68,14.67,302.61,160.97,100.09,2020,8044.4,37.94,-10.31
Viet Nam,VNM,False,2020-10-01,Hydro,False,10.54,52.57,107.46,58.92,29.12,600.74,160.97,100.09,2020,8044.4,37.94,-10.31
Viet Nam,VNM,False,2020-10-01,Other fossil,False,0.0,0.0,0.0,1.04,0.51,10.6,160.97,100.09,2020,8044.4,37.94,-10.31
Viet Nam,VNM,False,2020-10-01,Solar,False,0.72,3.59,7.34,7.95,3.93,81.06,160.97,100.09,2020,8044.4,37.94,-10.31
Viet Nam,VNM,False,2020-10-01,Total generation,True,20.05,100.0,204.43,202.34,100.0,2063.03,160.97,100.09,2020,8044.4,37.94,-10.31
Viet Nam,VNM,False,2020-10-01,Wind,False,0.07,0.35,0.71,1.0,0.49,10.2,160.97,100.09,2020,8044.4,37.94,-10.31
Viet Nam,VNM,False,2020-11-01,Coal,False,10.0,43.07,101.96,113.75,50.43,1159.78,156.86,99.99,2020,8044.4,47.88,26.2
Viet Nam,VNM,False,2020-11-01,Gas,False,4.02,17.31,40.99,33.7,14.94,343.6,156.86,99.99,2020,8044.4,47.88,26.2
Viet Nam,VNM,False,2020-11-01,Hydro,False,7.94,34.19,80.95,66.86,29.64,681.69,156.86,99.99,2020,8044.4,47.88,26.2
Viet Nam,VNM,False,2020-11-01,Other fossil,False,0.28,1.21,2.85,1.32,0.59,13.46,156.86,99.99,2020,8044.4,47.88,26.2
Viet Nam,VNM,False,2020-11-01,Solar,False,0.83,3.57,8.46,8.78,3.89,89.52,156.86,99.99,2020,8044.4,47.88,26.2
Viet Nam,VNM,False,2020-11-01,Total generation,True,23.22,100.0,236.75,225.56,100.0,2299.77,156.86,99.99,2020,8044.4,47.88,26.2
Viet Nam,VNM,False,2020-11-01,Wind,False,0.15,0.65,1.53,1.15,0.51,11.73,156.86,99.99,2020,8044.4,47.88,26.2
Viet Nam,VNM,False,2020-12-01,Coal,False,8.33,38.64,84.93,122.08,49.4,1244.71,159.49,100.1,2020,8044.4,51.82,8.23
Viet Nam,VNM,False,2020-12-01,Gas,False,3.01,13.96,30.69,36.71,14.86,374.29,159.49,100.1,2020,8044.4,51.82,8.23
Viet Nam,VNM,False,2020-12-01,Hydro,False,9.25,42.9,94.31,76.11,30.8,776.01,159.49,100.1,2020,8044.4,51.82,8.23
Viet Nam,VNM,False,2020-12-01,Other fossil,False,0.08,0.37,0.82,1.4,0.57,14.27,159.49,100.1,2020,8044.4,51.82,8.23
Viet Nam,VNM,False,2020-12-01,Solar,False,0.8,3.71,8.16,9.58,3.88,97.68,159.49,100.1,2020,8044.4,51.82,8.23
Viet Nam,VNM,False,2020-12-01,Total generation,True,21.56,100.0,219.82,247.12,100.0,2519.6,159.49,100.1,2020,8044.4,51.82,8.23
Viet Nam,VNM,False,2020-12-01,Wind,False,0.09,0.42,0.92,1.24,0.5,12.64,159.49,100.1,2020,8044.4,51.82,8.23
Viet Nam,VNM,False,2021-01-01,Coal,False,9.23,50.19,93.29,9.23,50.19,93.29,154.1,100.06,2021,8479.7,55.04,6.21
Viet Nam,VNM,False,2021-01-01,Gas,False,3.39,18.43,34.26,3.39,18.43,34.26,154.1,100.06,2021,8479.7,55.04,6.21
Viet Nam,VNM,False,2021-01-01,Hydro,False,3.44,18.71,34.77,3.44,18.71,34.77,154.1,100.06,2021,8479.7,55.04,6.21
Viet Nam,VNM,False,2021-01-01,Other fossil,False,0.0,0.0,0.0,0.0,0.0,0.0,154.1,100.06,2021,8479.7,55.04,6.21
Viet Nam,VNM,False,2021-01-01,Solar,False,2.13,11.58,21.53,2.13,11.58,21.53,154.1,100.06,2021,8479.7,55.04,6.21
Viet Nam,VNM,False,2021-01-01,Total generation,True,18.39,100.0,185.88,18.39,100.0,185.88,154.1,100.06,2021,8479.7,55.04,6.21
Viet Nam,VNM,False,2021-01-01,Wind,False,0.2,1.09,2.02,0.2,1.09,2.02,154.1,100.06,2021,8479.7,55.04,6.21
Viet Nam,VNM,False,2021-02-01,Coal,False,8.5,46.27,85.91,17.73,48.23,179.21,119.65,101.52,2021,8479.7,64.42,17.04
Viet Nam,VNM,False,2021-02-01,Gas,False,2.22,12.08,22.44,5.61,15.26,56.7,119.65,101.52,2021,8479.7,64.42,17.04
Viet Nam,VNM,False,2021-02-01,Hydro,False,5.89,32.06,59.53,9.33,25.38,94.3,119.65,101.52,2021,8479.7,64.42,17.04
Viet Nam,VNM,False,2021-02-01,Other fossil,False,0.0,0.0,0.0,0.0,0.0,0.0,119.65,101.52,2021,8479.7,64.42,17.04
Viet Nam,VNM,False,2021-02-01,Solar,False,1.52,8.27,15.36,3.65,9.93,36.89,119.65,101.52,2021,8479.7,64.42,17.04
Viet Nam,VNM,False,2021-02-01,Total generation,True,18.37,100.0,185.68,36.76,100.0,371.56,119.65,101.52,2021,8479.7,64.42,17.04
Viet Nam,VNM,False,2021-02-01,Wind,False,0.24,1.31,2.43,0.44,1.2,4.45,119.65,101.52,2021,8479.7,64.42,17.04
Viet Nam,VNM,False,2021-03-01,Coal,False,12.02,54.41,121.49,29.75,50.55,300.7,143.6,99.73,2021,8479.7,62.74,-2.61
Viet Nam,VNM,False,2021-03-01,Gas,False,1.84,8.33,18.6,7.45,12.66,75.3,143.6,99.73,2021,8479.7,62.74,-2.61
Viet Nam,VNM,False,2021-03-01,Hydro,False,4.53,20.51,45.79,13.86,23.55,140.09,143.6,99.73,2021,8479.7,62.74,-2.61
Viet Nam,VNM,False,2021-03-01,Other fossil,False,0.0,0.0,0.0,0.0,0.0,0.0,143.6,99.73,2021,8479.7,62.74,-2.61
Viet Nam,VNM,False,2021-03-01,Solar,False,3.48,15.75,35.17,7.13,12.12,72.07,143.6,99.73,2021,8479.7,62.74,-2.61
Viet Nam,VNM,False,2021-03-01,Total generation,True,22.09,100.0,223.28,58.85,100.0,594.83,143.6,99.73,2021,8479.7,62.74,-2.61
Viet Nam,VNM,False,2021-03-01,Wind,False,0.22,1.0,2.22,0.66,1.12,6.67,143.6,99.73,2021,8479.7,62.74,-2.61
Viet Nam,VNM,False,2021-04-01,Coal,False,11.73,55.65,118.56,41.48,51.9,419.26,142.93,99.96,2021,8479.7,66.76,6.41
Viet Nam,VNM,False,2021-04-01,Gas,False,3.11,14.75,31.43,10.56,13.21,106.74,142.93,99.96,2021,8479.7,66.76,6.41
Viet Nam,VNM,False,2021-04-01,Hydro,False,4.53,21.49,45.79,18.39,23.01,185.88,142.93,99.96,2021,8479.7,66.76,6.41
Viet Nam,VNM,False,2021-04-01,Other fossil,False,0.0,0.0,0.0,0.0,0.0,0.0,142.93,99.96,2021,8479.7,66.76,6.41
Viet Nam,VNM,False,2021-04-01,Solar,False,1.6,7.59,16.17,8.73,10.92,88.24,142.93,99.96,2021,8479.7,66.76,6.41
Viet Nam,VNM,False,2021-04-01,Total generation,True,21.08,100.0,213.07,79.93,100.0,807.9,142.93,99.96,2021,8479.7,66.76,6.41
Viet Nam,VNM,False,2021-04-01,Wind,False,0.11,0.52,1.11,0.77,0.96,7.78,142.93,99.96,2021,8479.7,66.76,6.41
Viet Nam,VNM,False,2021-05-01,Coal,False,12.65,55.43,127.86,54.13,52.68,547.13,145.71,100.16,2021,8479.7,68.95,3.28
Viet Nam,VNM,False,2021-05-01,Gas,False,1.7,7.45,17.18,12.26,11.93,123.92,145.71,100.16,2021,8479.7,68.95,3.28
Viet Nam,VNM,False,2021-05-01,Hydro,False,5.62,24.63,56.8,24.01,23.37,242.68,145.71,100.16,2021,8479.7,68.95,3.28
Viet Nam,VNM,False,2021-05-01,Other fossil,False,0.0,0.0,0.0,0.0,0.0,0.0,145.71,100.16,2021,8479.7,68.95,3.28
Viet Nam,VNM,False,2021-05-01,Solar,False,2.75,12.05,27.8,11.48,11.17,116.04,145.71,100.16,2021,8479.7,68.95,3.28
Viet Nam,VNM,False,2021-05-01,Total generation,True,22.82,100.0,230.66,102.75,100.0,1038.56,145.71,100.16,2021,8479.7,68.95,3.28
Viet Nam,VNM,False,2021-05-01,Wind,False,0.1,0.44,1.01,0.87,0.85,8.79,145.71,100.16,2021,8479.7,68.95,3.28
Viet Nam,VNM,False,2021-06-01,Coal,False,12.54,50.69,126.75,66.67,52.29,673.88,143.77,100.19,2021,8479.7,74.62,8.22
Viet Nam,VNM,False,2021-06-01,Gas,False,3.41,13.78,34.47,15.67,12.29,158.39,143.77,100.19,2021,8479.7,74.62,8.22
Viet Nam,VNM,False,2021-06-01,Hydro,False,6.45,26.07,65.19,30.46,23.89,307.88,143.77,100.19,2021,8479.7,74.62,8.22
Viet Nam,VNM,False,2021-06-01,Other fossil,False,0.0,0.0,0.0,0.0,0.0,0.0,143.77,100.19,2021,8479.7,74.62,8.22
Viet Nam,VNM,False,2021-06-01,Solar,False,2.11,8.53,21.33,13.59,10.66,137.36,143.77,100.19,2021,8479.7,74.62,8.22
Viet Nam,VNM,False,2021-06-01,Total generation,True,24.74,100.0,250.06,127.49,100.0,1288.62,143.77,100.19,2021,8479.7,74.62,8.22
Viet Nam,VNM,False,2021-06-01,Wind,False,0.23,0.93,2.32,1.1,0.86,11.12,143.77,100.19,2021,8479.7,74.62,8.22
Viet Nam,VNM,False,2021-07-01,Coal,False,10.19,44.81,103.0,76.86,51.16,776.87,143.25,100.62,2021,8479.7,75.41,1.06
Viet Nam,VNM,False,2021-07-01,Gas,False,2.29,10.07,23.15,17.96,11.96,181.53,143.25,100.62,2021,8479.7,75.41,1.06
Viet Nam,VNM,False,2021-07-01,Hydro,False,7.83,34.43,79.14,38.29,25.49,387.02,143.25,100.62,2021,8479.7,75.41,1.06
Viet Nam,VNM,False,2021-07-01,Other fossil,False,0.0,0.0,0.0,0.0,0.0,0.0,143.25,100.62,2021,8479.7,75.41,1.06
Viet Nam,VNM,False,2021-07-01,Solar,False,2.29,10.07,23.15,15.88,10.57,160.51,143.25,100.62,2021,8479.7,75.41,1.06
Viet Nam,VNM,False,2021-07-01,Total generation,True,22.74,100.0,229.85,150.23,100.0,1518.47,143.25,100.62,2021,8479.7,75.41,1.06
Viet Nam,VNM,False,2021-07-01,Wind,False,0.14,0.62,1.42,1.24,0.83,12.53,143.25,100.62,2021,8479.7,75.41,1.06
Viet Nam,VNM,False,2021-08-01,Coal,False,8.37,38.75,84.6,85.23,49.6,861.47,137.71,100.25,2021,8479.7,71.63,-5.01
Viet Nam,VNM,False,2021-08-01,Gas,False,1.84,8.52,18.6,19.8,11.52,200.13,137.71,100.25,2021,8479.7,71.63,-5.01
Viet Nam,VNM,False,2021-08-01,Hydro,False,8.21,38.01,82.98,46.5,27.06,470.01,137.71,100.25,2021,8479.7,71.63,-5.01
Viet Nam,VNM,False,2021-08-01,Other fossil,False,0.0,0.0,0.0,0.0,0.0,0.0,137.71,100.25,2021,8479.7,71.63,-5.01
Viet Nam,VNM,False,2021-08-01,Solar,False,3.18,14.72,32.14,19.06,11.09,192.65,137.71,100.25,2021,8479.7,71.63,-5.01
Viet Nam,VNM,False,2021-08-01,Total generation,True,21.6,100.0,218.32,171.83,100.0,1736.8,137.71,100.25,2021,8479.7,71.63,-5.01
Viet Nam,VNM,False,2021-08-01,Wind,False,0.0,0.0,0.0,1.24,0.72,12.53,137.71,100.25,2021,8479.7,71.63,-5.01
Viet Nam,VNM,False,2021-09-01,Coal,False,7.44,39.64,75.2,92.67,48.62,936.67,141.73,99.38,2021,8479.7,78.31,9.33
Viet Nam,VNM,False,2021-09-01,Gas,False,1.13,6.02,11.42,20.93,10.98,211.55,141.73,99.38,2021,8479.7,78.31,9.33
Viet Nam,VNM,False,2021-09-01,Hydro,False,8.18,43.58,82.68,54.68,28.69,552.69,141.73,99.38,2021,8479.7,78.31,9.33
Viet Nam,VNM,False,2021-09-01,Other fossil,False,0.0,0.0,0.0,0.0,0.0,0.0,141.73,99.38,2021,8479.7,78.31,9.33
Viet Nam,VNM,False,2021-09-01,Solar,False,1.4,7.46,14.15,20.46,10.73,206.8,141.73,99.38,2021,8479.7,78.31,9.33
Viet Nam,VNM,False,2021-09-01,Total generation,True,18.77,100.0,189.72,190.6,100.0,1926.52,141.73,99.38,2021,8479.7,78.31,9.33
Viet Nam,VNM,False,2021-09-01,Wind,False,0.62,3.3,6.27,1.86,0.98,18.8,141.73,99.38,2021,8479.7,78.31,9.33
Viet Nam,VNM,False,2021-10-01,Coal,False,8.11,38.73,81.97,100.78,47.64,1018.65,151.2,99.8,2021,8479.7,83.72,6.91
Viet Nam,VNM,False,2021-10-01,Gas,False,1.52,7.26,15.36,22.45,10.61,226.92,151.2,99.8,2021,8479.7,83.72,6.91
Viet Nam,VNM,False,2021-10-01,Hydro,False,8.81,42.07,89.05,63.49,30.01,641.73,151.2,99.8,2021,8479.7,83.72,6.91
Viet Nam,VNM,False,2021-10-01,Other fossil,False,0.0,0.0,0.0,0.0,0.0,0.0,151.2,99.8,2021,8479.7,83.72,6.91
Viet Nam,VNM,False,2021-10-01,Solar,False,2.29,10.94,23.15,22.75,10.75,229.95,151.2,99.8,2021,8479.7,83.72,6.91
Viet Nam,VNM,False,2021-10-01,Total generation,True,20.94,100.0,211.65,211.54,100.0,2138.17,151.2,99.8,2021,8479.7,83.72,6.91
Viet Nam,VNM,False,2021-10-01,Wind,False,0.21,1.0,2.12,2.07,0.98,20.92,151.2,99.8,2021,8479.7,83.72,6.91
Viet Nam,VNM,False,2021-11-01,Coal,False,7.54,37.87,76.21,108.32,46.8,1094.86,160.06,100.32,2021,8479.7,69.23,-17.31
Viet Nam,VNM,False,2021-11-01,Gas,False,1.92,9.64,19.41,24.37,10.53,246.32,160.06,100.32,2021,8479.7,69.23,-17.31
Viet Nam,VNM,False,2021-11-01,Hydro,False,8.55,42.94,86.42,72.04,31.13,728.15,160.06,100.32,2021,8479.7,69.23,-17.31
Viet Nam,VNM,False,2021-11-01,Other fossil,False,0.0,0.0,0.0,0.0,0.0,0.0,160.06,100.32,2021,8479.7,69.23,-17.31
Viet Nam,VNM,False,2021-11-01,Solar,False,1.69,8.49,17.08,24.44,10.56,247.03,160.06,100.32,2021,8479.7,69.23,-17.31
Viet Nam,VNM,False,2021-11-01,Total generation,True,19.91,100.0,201.24,231.45,100.0,2339.41,160.06,100.32,2021,8479.7,69.23,-17.31
Viet Nam,VNM,False,2021-11-01,Wind,False,0.21,1.05,2.12,2.28,0.99,23.05,160.06,100.32,2021,8479.7,69.23,-17.31
Viet Nam,VNM,False,2021-12-01,Coal,False,9.38,41.86,94.81,117.7,46.36,1189.67,165.71,99.82,2021,8479.7,77.35,11.73
Viet Nam,VNM,False,2021-12-01,Gas,False,3.41,15.22,34.47,27.78,10.94,280.79,165.71,99.82,2021,8479.7,77.35,11.73
Viet Nam,VNM,False,2021-12-01,Hydro,False,6.71,29.94,67.82,78.75,31.02,795.98,165.71,99.82,2021,8479.7,77.35,11.73
Viet Nam,VNM,False,2021-12-01,Other fossil,False,0.0,0.0,0.0,0.0,0.0,0.0,165.71,99.82,2021,8479.7,77.35,11.73
Viet Nam,VNM,False,2021-12-01,Solar,False,2.89,12.9,29.21,27.33,10.77,276.24,165.71,99.82,2021,8479.7,77.35,11.73
Viet Nam,VNM,False,2021-12-01,Total generation,True,22.41,100.0,226.51,253.86,100.0,2565.92,165.71,99.82,2021,8479.7,77.35,11.73
Viet Nam,VNM,False,2021-12-01,Wind,False,0.02,0.09,0.2,2.3,0.91,23.25,165.71,99.82,2021,8479.7,77.35,11.73
Viet Nam,VNM,False,2022-01-01,Coal,False,9.69,46.9,97.21,9.69,46.9,97.21,159.65,100.19,2022,9513.3,89.26,15.4
Viet Nam,VNM,False,2022-01-01,Gas,False,2.66,12.88,26.69,2.66,12.88,26.69,159.65,100.19,2022,9513.3,89.26,15.4
Viet Nam,VNM,False,2022-01-01,Hydro,False,4.64,22.46,46.55,4.64,22.46,46.55,159.65,100.19,2022,9513.3,89.26,15.4
Viet Nam,VNM,False,2022-01-01,Other fossil,False,0.0,0.0,0.0,0.0,0.0,0.0,159.65,100.19,2022,9513.3,89.26,15.4
Viet Nam,VNM,False,2022-01-01,Solar,False,2.33,11.28,23.37,2.33,11.28,23.37,159.65,100.19,2022,9513.3,89.26,15.4
Viet Nam,VNM,False,2022-01-01,Total generation,True,20.66,100.0,207.26,20.66,100.0,207.26,159.65,100.19,2022,9513.3,89.26,15.4
Viet Nam,VNM,False,2022-01-01,Wind,False,1.34,6.49,13.44,1.34,6.49,13.44,159.65,100.19,2022,9513.3,89.26,15.4
Viet Nam,VNM,False,2022-02-01,Coal,False,7.58,41.24,76.04,17.27,44.24,173.25,141.44,101.0,2022,9513.3,97.97,9.76
Viet Nam,VNM,False,2022-02-01,Gas,False,1.72,9.36,17.26,4.38,11.22,43.94,141.44,101.0,2022,9513.3,97.97,9.76
Viet Nam,VNM,False,2022-02-01,Hydro,False,6.21,33.79,62.3,10.85,27.79,108.85,141.44,101.0,2022,9513.3,97.97,9.76
Viet Nam,VNM,False,2022-02-01,Other fossil,False,0.0,0.0,0.0,0.0,0.0,0.0,141.44,101.0,2022,9513.3,97.97,9.76
Viet Nam,VNM,False,2022-02-01,Solar,False,2.0,10.88,20.06,4.33,11.09,43.44,141.44,101.0,2022,9513.3,97.97,9.76
Viet Nam,VNM,False,2022-02-01,Total generation,True,18.38,100.0,184.39,39.04,100.0,391.65,141.44,101.0,2022,9513.3,97.97,9.76
Viet Nam,VNM,False,2022-02-01,Wind,False,0.87,4.73,8.73,2.21,5.66,22.17,141.44,101.0,2022,9513.3,97.97,9.76
Viet Nam,VNM,False,2022-03-01,Coal,False,11.1,47.89,111.36,28.37,45.6,284.61,165.37,100.7,2022,9513.3,104.71,6.88
Viet Nam,VNM,False,2022-03-01,Gas,False,3.18,13.72,31.9,7.56,12.15,75.84,165.37,100.7,2022,9513.3,104.71,6.88
Viet Nam,VNM,False,2022-03-01,Hydro,False,5.63,24.29,56.48,16.48,26.49,165.33,165.37,100.7,2022,9513.3,104.71,6.88
Viet Nam,VNM,False,2022-03-01,Other fossil,False,0.0,0.0,0.0,0.0,0.0,0.0,165.37,100.7,2022,9513.3,104.71,6.88
Viet Nam,VNM,False,2022-03-01,Solar,False,2.53,10.91,25.38,6.86,11.03,68.82,165.37,100.7,2022,9513.3,104.71,6.88
Viet Nam,VNM,False,2022-03-01,Total generation,True,23.18,100.0,232.54,62.22,100.0,624.19,165.37,100.7,2022,9513.3,104.71,6.88
Viet Nam,VNM,False,2022-03-01,Wind,False,0.74,3.19,7.42,2.95,4.74,29.59,165.37,100.7,2022,9513.3,104.71,6.88
Viet Nam,VNM,False,2022-04-01,Coal,False,10.72,47.79,107.54,39.09,46.18,392.15,169.5,100.18,2022,9513.3,107.14,2.32
Viet Nam,VNM,False,2022-04-01,Gas,False,2.86,12.75,28.69,10.42,12.31,104.53,169.5,100.18,2022,9513.3,107.14,2.32
Viet Nam,VNM,False,2022-04-01,Hydro,False,5.74,25.59,57.58,22.22,26.25,222.91,169.5,100.18,2022,9513.3,107.14,2.32
Viet Nam,VNM,False,2022-04-01,Other fossil,False,0.0,0.0,0.0,0.0,0.0,0.0,169.5,100.18,2022,9513.3,107.14,2.32
Viet Nam,VNM,False,2022-04-01,Solar,False,2.45,10.92,24.58,9.31,11.0,93.4,169.5,100.18,2022,9513.3,107.14,2.32
Viet Nam,VNM,False,2022-04-01,Total generation,True,22.43,100.0,225.02,84.65,100.0,849.21,169.5,100.18,2022,9513.3,107.14,2.32
Viet Nam,VNM,False,2022-04-01,Wind,False,0.66,2.94,6.62,3.61,4.26,36.22,169.5,100.18,2022,9513.3,107.14,2.32
Viet Nam,VNM,False,2022-05-01,Coal,False,9.03,39.45,90.59,48.12,44.75,482.74,174.91,100.38,2022,9513.3,115.6,7.9
Viet Nam,VNM,False,2022-05-01,Gas,False,2.55,11.14,25.58,12.97,12.06,130.12,174.91,100.38,2022,9513.3,115.6,7.9
Viet Nam,VNM,False,2022-05-01,Hydro,False,8.31,36.3,83.37,30.53,28.39,306.28,174.91,100.38,2022,9513.3,115.6,7.9
Viet Nam,VNM,False,2022-05-01,Other fossil,False,0.0,0.0,0.0,0.0,0.0,0.0,174.91,100.38,2022,9513.3,115.6,7.9
Viet Nam,VNM,False,2022-05-01,Solar,False,2.42,10.57,24.28,11.73,10.91,117.68,174.91,100.38,2022,9513.3,115.6,7.9
Viet Nam,VNM,False,2022-05-01,Total generation,True,22.89,100.0,229.63,107.54,100.0,1078.84,174.91,100.38,2022,9513.3,115.6,7.9
Viet Nam,VNM,False,2022-05-01,Wind,False,0.58,2.53,5.82,4.19,3.9,42.03,174.91,100.38,2022,9513.3,115.6,7.9
Viet Nam,VNM,False,2022-06-01,Coal,False,7.67,32.0,76.95,55.79,42.42,559.69,172.91,100.69,2022,9513.3,109.03,-5.68
Viet Nam,VNM,False,2022-06-01,Gas,False,2.25,9.39,22.57,15.22,11.57,152.69,172.91,100.69,2022,9513.3,109.03,-5.68
Viet Nam,VNM,False,2022-06-01,Hydro,False,11.05,46.1,110.85,41.58,31.62,417.13,172.91,100.69,2022,9513.3,109.03,-5.68
Viet Nam,VNM,False,2022-06-01,Other fossil,False,0.0,0.0,0.0,0.0,0.0,0.0,172.91,100.69,2022,9513.3,109.03,-5.68
Viet Nam,VNM,False,2022-06-01,Solar,False,2.52,10.51,25.28,14.25,10.84,142.96,172.91,100.69,2022,9513.3,109.03,-5.68
Viet Nam,VNM,False,2022-06-01,Total generation,True,23.97,100.0,240.47,131.51,100.0,1319.31,172.91,100.69,2022,9513.3,109.03,-5.68
Viet Nam,VNM,False,2022-06-01,Wind,False,0.48,2.0,4.82,4.67,3.55,46.85,172.91,100.69,2022,9513.3,109.03,-5.68
Viet Nam,VNM,False,2022-07-01,Coal,False,8.15,33.71,81.76,63.94,41.07,641.45,173.64,100.4,2022,9513.3,103.97,-4.64
Viet Nam,VNM,False,2022-07-01,Gas,False,2.17,8.97,21.77,17.39,11.17,174.46,173.64,100.4,2022,9513.3,103.97,-4.64
Viet Nam,VNM,False,2022-07-01,Hydro,False,11.0,45.49,110.35,52.58,33.77,527.48,173.64,100.4,2022,9513.3,103.97,-4.64
Viet Nam,VNM,False,2022-07-01,Other fossil,False,0.0,0.0,0.0,0.0,0.0,0.0,173.64,100.4,2022,9513.3,103.97,-4.64
Viet Nam,VNM,False,2022-07-01,Solar,False,2.29,9.47,22.97,16.54,10.62,165.93,173.64,100.4,2022,9513.3,103.97,-4.64
Viet Nam,VNM,False,2022-07-01,Total generation,True,24.18,100.0,242.57,155.69,100.0,1561.89,173.64,100.4,2022,9513.3,103.97,-4.64
Viet Nam,VNM,False,2022-07-01,Wind,False,0.57,2.36,5.72,5.24,3.37,52.57,173.64,100.4,2022,9513.3,103.97,-4.64
Viet Nam,VNM,False,2022-08-01,Coal,False,7.73,32.81,77.55,71.67,39.98,719.0,175.22,100.0,2022,9513.3,95.64,-8.01
Viet Nam,VNM,False,2022-08-01,Gas,False,2.28,9.68,22.87,19.67,10.97,197.33,175.22,100.0,2022,9513.3,95.64,-8.01
Viet Nam,VNM,False,2022-08-01,Hydro,False,10.67,45.29,107.04,63.25,35.29,634.53,175.22,100.0,2022,9513.3,95.64,-8.01
Viet Nam,VNM,False,2022-08-01,Other fossil,False,0.0,0.0,0.0,0.0,0.0,0.0,175.22,100.0,2022,9513.3,95.64,-8.01
Viet Nam,VNM,False,2022-08-01,Solar,False,2.28,9.68,22.87,18.82,10.5,188.8,175.22,100.0,2022,9513.3,95.64,-8.01
Viet Nam,VNM,False,2022-08-01,Total generation,True,23.56,100.0,236.35,179.25,100.0,1798.24,175.22,100.0,2022,9513.3,95.64,-8.01
Viet Nam,VNM,False,2022-08-01,Wind,False,0.6,2.55,6.02,5.84,3.26,58.59,175.22,100.0,2022,9513.3,95.64,-8.01
Viet Nam,VNM,False,2022-09-01,Coal,False,8.16,36.59,81.86,79.83,39.61,800.86,172.11,100.4,2022,9513.3,85.14,-10.98
Viet Nam,VNM,False,2022-09-01,Gas,False,2.44,10.94,24.48,22.11,10.97,221.81,172.11,100.4,2022,9513.3,85.14,-10.98
Viet Nam,VNM,False,2022-09-01,Hydro,False,8.89,39.87,89.18,72.14,35.79,723.71,172.11,100.4,2022,9513.3,85.14,-10.98
Viet Nam,VNM,False,2022-09-01,Other fossil,False,0.0,0.0,0.0,0.0,0.0,0.0,172.11,100.4,2022,9513.3,85.14,-10.98
Viet Nam,VNM,False,2022-09-01,Solar,False,2.07,9.28,20.77,20.89,10.36,209.57,172.11,100.4,2022,9513.3,85.14,-10.98
Viet Nam,VNM,False,2022-09-01,Total generation,True,22.3,100.0,223.71,201.55,100.0,2021.96,172.11,100.4,2022,9513.3,85.14,-10.98
Viet Nam,VNM,False,2022-09-01,Wind,False,0.74,3.32,7.42,6.58,3.26,66.01,172.11,100.4,2022,9513.3,85.14,-10.98
Viet Nam,VNM,False,2022-10-01,Coal,False,6.73,32.26,67.52,86.56,38.92,868.37,176.22,100.15,2022,9513.3,92.81,9.01
Viet Nam,VNM,False,2022-10-01,Gas,False,1.76,8.44,17.66,23.87,10.73,239.46,176.22,100.15,2022,9513.3,92.81,9.01
Viet Nam,VNM,False,2022-10-01,Hydro,False,10.28,49.28,103.13,82.42,37.06,826.84,176.22,100.15,2022,9513.3,92.81,9.01
Viet Nam,VNM,False,2022-10-01,Other fossil,False,0.0,0.0,0.0,0.0,0.0,0.0,176.22,100.15,2022,9513.3,92.81,9.01
Viet Nam,VNM,False,2022-10-01,Solar,False,1.76,8.44,17.66,22.65,10.18,227.23,176.22,100.15,2022,9513.3,92.81,9.01
Viet Nam,VNM,False,2022-10-01,Total generation,True,20.86,100.0,209.27,222.41,100.0,2231.22,176.22,100.15,2022,9513.3,92.81,9.01
Viet Nam,VNM,False,2022-10-01,Wind,False,0.33,1.58,3.31,6.91,3.11,69.32,176.22,100.15,2022,9513.3,92.81,9.01
Viet Nam,VNM,False,2022-11-01,Coal,False,9.66,36.45,96.91,96.22,38.66,965.28,171.14,100.39,2022,9513.3,86.97,-6.29
Viet Nam,VNM,False,2022-11-01,Gas,False,3.11,11.74,31.2,26.98,10.84,270.66,171.14,100.39,2022,9513.3,86.97,-6.29
Viet Nam,VNM,False,2022-11-01,Hydro,False,9.87,37.25,99.02,92.29,37.08,925.86,171.14,100.39,2022,9513.3,86.97,-6.29
Viet Nam,VNM,False,2022-11-01,Other fossil,False,0.0,0.0,0.0,0.0,0.0,0.0,171.14,100.39,2022,9513.3,86.97,-6.29
Viet Nam,VNM,False,2022-11-01,Solar,False,2.88,10.87,28.89,25.53,10.26,256.12,171.14,100.39,2022,9513.3,86.97,-6.29
Viet Nam,VNM,False,2022-11-01,Total generation,True,26.5,100.0,265.85,248.91,100.0,2497.07,171.14,100.39,2022,9513.3,86.97,-6.29
Viet Nam,VNM,False,2022-11-01,Wind,False,0.98,3.7,9.83,7.89,3.17,79.15,171.14,100.39,2022,9513.3,86.97,-6.29
Viet Nam,VNM,False,2022-12-01,Coal,False,8.2,34.64,82.26,104.42,38.31,1047.54,169.42,99.99,2022,9513.3,85.65,-1.52
Viet Nam,VNM,False,2022-12-01,Gas,False,2.43,10.27,24.38,29.41,10.79,295.04,169.42,99.99,2022,9513.3,85.65,-1.52
Viet Nam,VNM,False,2022-12-01,Hydro,False,10.07,42.54,101.02,102.36,37.55,1026.88,169.42,99.99,2022,9513.3,85.65,-1.52
Viet Nam,VNM,False,2022-12-01,Other fossil,False,0.0,0.0,0.0,0.0,0.0,0.0,169.42,99.99,2022,9513.3,85.65,-1.52
Viet Nam,VNM,False,2022-12-01,Solar,False,2.32,9.8,23.27,27.85,10.22,279.39,169.42,99.99,2022,9513.3,85.65,-1.52
Viet Nam,VNM,False,2022-12-01,Total generation,True,23.67,100.0,237.46,272.58,100.0,2734.53,169.42,99.99,2022,9513.3,85.65,-1.52
Viet Nam,VNM,False,2022-12-01,Wind,False,0.65,2.75,6.52,8.54,3.13,85.67,169.42,99.99,2022,9513.3,85.65,-1.52
Viet Nam,VNM,False,2023-01-01,Coal,False,7.58,42.09,75.53,7.58,42.09,75.53,128.34,100.52,2023,10221.8,85.46,-0.22
Viet Nam,VNM,False,2023-01-01,Gas,False,1.88,10.44,18.73,1.88,10.44,18.73,128.34,100.52,2023,10221.8,85.46,-0.22
Viet Nam,VNM,False,2023-01-01,Hydro,False,5.5,30.54,54.81,5.5,30.54,54.81,128.34,100.52,2023,10221.8,85.46,-0.22
Viet Nam,VNM,False,2023-01-01,Other fossil,False,0.14,0.78,1.4,0.14,0.78,1.4,128.34,100.52,2023,10221.8,85.46,-0.22
Viet Nam,VNM,False,2023-01-01,Solar,False,1.7,9.44,16.94,1.7,9.44,16.94,128.34,100.52,2023,10221.8,85.46,-0.22
Viet Nam,VNM,False,2023-01-01,Total generation,True,18.01,100.0,179.47,18.01,100.0,179.47,128.34,100.52,2023,10221.8,85.46,-0.22
Viet Nam,VNM,False,2023-01-01,Wind,False,1.21,6.72,12.06,1.21,6.72,12.06,128.34,100.52,2023,10221.8,85.46,-0.22
Viet Nam,VNM,False,2023-02-01,Coal,False,8.89,44.99,88.59,16.47,43.61,164.12,132.86,100.45,2023,10221.8,83.45,-2.35
Viet Nam,VNM,False,2023-02-01,Gas,False,2.44,12.35,24.31,4.32,11.44,43.05,132.86,100.45,2023,10221.8,83.45,-2.35
Viet Nam,VNM,False,2023-02-01,Hydro,False,5.07,25.66,50.52,10.57,27.99,105.33,132.86,100.45,2023,10221.8,83.45,-2.35
Viet Nam,VNM,False,2023-02-01,Other fossil,False,0.0,0.0,0.0,0.14,0.37,1.4,132.86,100.45,2023,10221.8,83.45,-2.35
Viet Nam,VNM,False,2023-02-01,Solar,False,2.17,10.98,21.62,3.87,10.25,38.56,132.86,100.45,2023,10221.8,83.45,-2.35
Viet Nam,VNM,False,2023-02-01,Total generation,True,19.76,100.0,196.91,37.77,100.0,376.38,132.86,100.45,2023,10221.8,83.45,-2.35
Viet Nam,VNM,False,2023-02-01,Wind,False,1.19,6.02,11.86,2.4,6.35,23.92,132.86,100.45,2023,10221.8,83.45,-2.35
Viet Nam,VNM,False,2023-03-01,Coal,False,11.56,50.61,115.19,28.03,46.25,279.32,145.35,99.77,2023,10221.8,79.89,-4.27
Viet Nam,VNM,False,2023-03-01,Gas,False,2.82,12.35,28.1,7.14,11.78,71.15,145.35,99.77,2023,10221.8,79.89,-4.27
Viet Nam,VNM,False,2023-03-01,Hydro,False,4.81,21.06,47.93,15.38,25.38,153.26,145.35,99.77,2023,10221.8,79.89,-4.27
Viet Nam,VNM,False,2023-03-01,Other fossil,False,0.0,0.0,0.0,0.14,0.23,1.4,145.35,99.77,2023,10221.8,79.89,-4.27
Viet Nam,VNM,False,2023-03-01,Solar,False,2.58,11.3,25.71,6.45,10.64,64.27,145.35,99.77,2023,10221.8,79.89,-4.27
Viet Nam,VNM,False,2023-03-01,Total generation,True,22.84,100.0,227.6,60.61,100.0,603.97,145.35,99.77,2023,10221.8,79.89,-4.27
Viet Nam,VNM,False,2023-03-01,Wind,False,1.07,4.68,10.66,3.47,5.73,34.58,145.35,99.77,2023,10221.8,79.89,-4.27
Viet Nam,VNM,False,2023-04-01,Coal,False,11.89,51.74,118.48,39.92,47.76,397.8,144.0,99.66,2023,10221.8,80.33,0.55
Viet Nam,VNM,False,2023-04-01,Gas,False,2.85,12.4,28.4,9.99,11.95,99.55,144.0,99.66,2023,10221.8,80.33,0.55
Viet Nam,VNM,False,2023-04-01,Hydro,False,5.25,22.85,52.32,20.63,24.68,205.58,144.0,99.66,2023,10221.8,80.33,0.55
Viet Nam,VNM,False,2023-04-01,Other fossil,False,0.0,0.0,0.0,0.14,0.17,1.4,144.0,99.66,2023,10221.8,80.33,0.55
Viet Nam,VNM,False,2023-04-01,Solar,False,2.45,10.66,24.41,8.9,10.65,88.69,144.0,99.66,2023,10221.8,80.33,0.55
Viet Nam,VNM,False,2023-04-01,Total generation,True,22.98,100.0,228.99,83.59,100.0,832.97,144.0,99.66,2023,10221.8,80.33,0.55
Viet Nam,VNM,False,2023-04-01,Wind,False,0.54,2.35,5.38,4.01,4.8,39.96,144.0,99.66,2023,10221.8,80.33,0.55
Viet Nam,VNM,False,2023-05-01,Coal,False,14.24,58.19,141.9,54.16,50.12,539.7,146.35,100.01,2023,10221.8,72.6,-9.62
Viet Nam,VNM,False,2023-05-01,Gas,False,1.88,7.68,18.73,11.87,10.98,118.28,146.35,100.01,2023,10221.8,72.6,-9.62
Viet Nam,VNM,False,2023-05-01,Hydro,False,5.0,20.43,49.82,25.63,23.72,255.4,146.35,100.01,2023,10221.8,72.6,-9.62
Viet Nam,VNM,False,2023-05-01,Other fossil,False,0.55,2.25,5.48,0.69,0.64,6.88,146.35,100.01,2023,10221.8,72.6,-9.62
Viet Nam,VNM,False,2023-05-01,Solar,False,2.16,8.83,21.52,11.06,10.24,110.21,146.35,100.01,2023,10221.8,72.6,-9.62
Viet Nam,VNM,False,2023-05-01,Total generation,True,24.47,100.0,243.84,108.06,100.0,1076.81,146.35,100.01,2023,10221.8,72.6,-9.62
Viet Nam,VNM,False,2023-05-01,Wind,False,0.64,2.62,6.38,4.65,4.3,46.34,146.35,100.01,2023,10221.8,72.6,-9.62
Viet Nam,VNM,False,2023-06-01,Coal,False,12.6,52.24,125.56,66.76,50.51,665.26,147.07,100.27,2023,10221.8,75.41,3.87
Viet Nam,VNM,False,2023-06-01,Gas,False,3.56,14.76,35.48,15.43,11.67,153.76,147.07,100.27,2023,10221.8,75.41,3.87
Viet Nam,VNM,False,2023-06-01,Hydro,False,4.2,17.41,41.85,29.83,22.57,297.25,147.07,100.27,2023,10221.8,75.41,3.87
Viet Nam,VNM,False,2023-06-01,Other fossil,False,0.5,2.07,4.98,1.19,0.9,11.86,147.07,100.27,2023,10221.8,75.41,3.87
Viet Nam,VNM,False,2023-06-01,Solar,False,2.62,10.86,26.11,13.68,10.35,136.32,147.07,100.27,2023,10221.8,75.41,3.87
Viet Nam,VNM,False,2023-06-01,Total generation,True,24.12,100.0,240.35,132.18,100.0,1317.16,147.07,100.27,2023,10221.8,75.41,3.87
Viet Nam,VNM,False,2023-06-01,Wind,False,0.64,2.65,6.38,5.29,4.0,52.71,147.07,100.27,2023,10221.8,75.41,3.87
Viet Nam,VNM,False,2023-07-01,Coal,False,13.19,52.03,131.44,79.95,50.75,796.7,150.67,100.45,2023,10221.8,85.43,13.29
Viet Nam,VNM,False,2023-07-01,Gas,False,2.58,10.18,25.71,18.01,11.43,179.47,150.67,100.45,2023,10221.8,85.43,13.29
Viet Nam,VNM,False,2023-07-01,Hydro,False,6.97,27.5,69.46,36.8,23.36,366.71,150.67,100.45,2023,10221.8,85.43,13.29
Viet Nam,VNM,False,2023-07-01,Other fossil,False,0.04,0.16,0.4,1.23,0.78,12.26,150.67,100.45,2023,10221.8,85.43,13.29
Viet Nam,VNM,False,2023-07-01,Solar,False,1.8,7.1,17.94,15.48,9.83,154.26,150.67,100.45,2023,10221.8,85.43,13.29
Viet Nam,VNM,False,2023-07-01,Total generation,True,25.35,100.0,252.61,157.53,100.0,1569.77,150.67,100.45,2023,10221.8,85.43,13.29
Viet Nam,VNM,False,2023-07-01,Wind,False,0.77,3.04,7.67,6.06,3.85,60.39,150.67,100.45,2023,10221.8,85.43,13.29
Viet Nam,VNM,False,2023-08-01,Coal,False,8.13,32.26,81.01,88.08,48.2,877.71,155.95,100.88,2023,10221.8,86.83,1.64
Viet Nam,VNM,False,2023-08-01,Gas,False,1.25,4.96,12.46,19.26,10.54,191.92,155.95,100.88,2023,10221.8,86.83,1.64
Viet Nam,VNM,False,2023-08-01,Hydro,False,11.65,46.23,116.09,48.45,26.51,482.8,155.95,100.88,2023,10221.8,86.83,1.64
Viet Nam,VNM,False,2023-08-01,Other fossil,False,0.0,0.0,0.0,1.23,0.67,12.26,155.95,100.88,2023,10221.8,86.83,1.64
Viet Nam,VNM,False,2023-08-01,Solar,False,2.85,11.31,28.4,18.33,10.03,182.66,155.95,100.88,2023,10221.8,86.83,1.64
Viet Nam,VNM,False,2023-08-01,Total generation,True,25.2,100.0,251.12,182.73,100.0,1820.89,155.95,100.88,2023,10221.8,86.83,1.64
Viet Nam,VNM,False,2023-08-01,Wind,False,1.32,5.24,13.15,7.38,4.04,73.54,155.95,100.88,2023,10221.8,86.83,1.64
Viet Nam,VNM,False,2023-09-01,Coal,False,9.12,39.6,90.88,97.2,47.24,968.59,152.3,101.08,2023,10221.8,92.2,6.18
Viet Nam,VNM,False,2023-09-01,Gas,False,1.56,6.77,15.55,20.82,10.12,207.47,152.3,101.08,2023,10221.8,92.2,6.18
Viet Nam,VNM,False,2023-09-01,Hydro,False,9.6,41.68,95.66,58.05,28.21,578.46,152.3,101.08,2023,10221.8,92.2,6.18
Viet Nam,VNM,False,2023-09-01,Other fossil,False,0.0,0.0,0.0,1.23,0.6,12.26,152.3,101.08,2023,10221.8,92.2,6.18
Viet Nam,VNM,False,2023-09-01,Solar,False,2.12,9.21,21.13,20.45,9.94,203.78,152.3,101.08,2023,10221.8,92.2,6.18
Viet Nam,VNM,False,2023-09-01,Total generation,True,23.03,100.0,229.49,205.76,100.0,2050.38,152.3,101.08,2023,10221.8,92.2,6.18
Viet Nam,VNM,False,2023-09-01,Wind,False,0.63,2.74,6.28,8.01,3.89,79.82,152.3,101.08,2023,10221.8,92.2,6.18
Viet Nam,VNM,False,2023-10-01,Coal,False,10.54,44.44,105.03,107.74,46.95,1073.62,162.38,100.08,2023,10221.8,85.02,-7.79
Viet Nam,VNM,False,2023-10-01,Gas,False,2.08,8.77,20.73,22.9,9.98,228.2,162.38,100.08,2023,10221.8,85.02,-7.79
Viet Nam,VNM,False,2023-10-01,Hydro,False,8.69,36.64,86.6,66.74,29.08,665.06,162.38,100.08,2023,10221.8,85.02,-7.79
Viet Nam,VNM,False,2023-10-01,Other fossil,False,0.0,0.0,0.0,1.23,0.54,12.26,162.38,100.08,2023,10221.8,85.02,-7.79
Viet Nam,VNM,False,2023-10-01,Solar,False,1.9,8.01,18.93,22.35,9.74,222.72,162.38,100.08,2023,10221.8,85.02,-7.79
Viet Nam,VNM,False,2023-10-01,Total generation,True,23.72,100.0,236.37,229.48,100.0,2286.75,162.38,100.08,2023,10221.8,85.02,-7.79
Viet Nam,VNM,False,2023-10-01,Wind,False,0.51,2.15,5.08,8.52,3.71,84.9,162.38,100.08,2023,10221.8,85.02,-7.79
Viet Nam,VNM,False,2023-11-01,Coal,False,9.93,43.67,98.95,117.67,46.65,1172.57,162.42,100.25,2023,10221.8,80.86,-4.89
Viet Nam,VNM,False,2023-11-01,Gas,False,1.9,8.36,18.93,24.8,9.83,247.13,162.42,100.25,2023,10221.8,80.86,-4.89
Viet Nam,VNM,False,2023-11-01,Hydro,False,7.83,34.43,78.03,74.57,29.57,743.08,162.42,100.25,2023,10221.8,80.86,-4.89
Viet Nam,VNM,False,2023-11-01,Other fossil,False,0.01,0.04,0.1,1.24,0.49,12.36,162.42,100.25,2023,10221.8,80.86,-4.89
Viet Nam,VNM,False,2023-11-01,Solar,False,1.75,7.7,17.44,24.1,9.56,240.15,162.42,100.25,2023,10221.8,80.86,-4.89
Viet Nam,VNM,False,2023-11-01,Total generation,True,22.74,100.0,226.6,252.22,100.0,2513.35,162.42,100.25,2023,10221.8,80.86,-4.89
Viet Nam,VNM,False,2023-11-01,Wind,False,1.32,5.8,13.15,9.84,3.9,98.05,162.42,100.25,2023,10221.8,80.86,-4.89
Viet Nam,VNM,False,2023-12-01,Coal,False,10.28,39.31,102.44,127.95,45.96,1275.01,162.61,100.12,2023,10221.8,77.04,-4.72
Viet Nam,VNM,False,2023-12-01,Gas,False,3.36,12.85,33.48,28.16,10.12,280.61,162.61,100.12,2023,10221.8,77.04,-4.72
Viet Nam,VNM,False,2023-12-01,Hydro,False,8.62,32.96,85.9,83.19,29.88,828.98,162.61,100.12,2023,10221.8,77.04,-4.72
Viet Nam,VNM,False,2023-12-01,Other fossil,False,0.37,1.41,3.69,1.61,0.58,16.04,162.61,100.12,2023,10221.8,77.04,-4.72
Viet Nam,VNM,False,2023-12-01,Solar,False,2.84,10.86,28.3,26.94,9.68,268.46,162.61,100.12,2023,10221.8,77.04,-4.72
Viet Nam,VNM,False,2023-12-01,Total generation,True,26.15,100.0,260.58,278.37,100.0,2773.94,162.61,100.12,2023,10221.8,77.04,-4.72
Viet Nam,VNM,False,2023-12-01,Wind,False,0.68,2.6,6.78,10.52,3.78,104.83,162.61,100.12,2023,10221.8,77.04,-4.72
Viet Nam,VNM,False,2024-01-01,Coal,False,12.75,54.6,126.25,12.75,54.6,126.25,155.98,100.31,2024,11511.9,81.71,6.06
Viet Nam,VNM,False,2024-01-01,Gas,False,1.85,7.92,18.32,1.85,7.92,18.32,155.98,100.31,2024,11511.9,81.71,6.06
Viet Nam,VNM,False,2024-01-01,Hydro,False,4.79,20.51,47.43,4.79,20.51,47.43,155.98,100.31,2024,11511.9,81.71,6.06
Viet Nam,VNM,False,2024-01-01,Other fossil,False,0.0,0.0,0.0,0.0,0.0,0.0,155.98,100.31,2024,11511.9,81.71,6.06
Viet Nam,VNM,False,2024-01-01,Solar,False,2.12,9.08,20.99,2.12,9.08,20.99,155.98,100.31,2024,11511.9,81.71,6.06
Viet Nam,VNM,False,2024-01-01,Total generation,True,23.35,100.0,231.22,23.35,100.0,231.22,155.98,100.31,2024,11511.9,81.71,6.06
Viet Nam,VNM,False,2024-01-01,Wind,False,1.84,7.88,18.22,1.84,7.88,18.22,155.98,100.31,2024,11511.9,81.71,6.06
Viet Nam,VNM,False,2024-02-01,Coal,False,14.48,63.37,143.38,27.23,58.94,269.64,128.3,101.04,2024,11511.9,81.91,0.24
Viet Nam,VNM,False,2024-02-01,Gas,False,2.54,11.12,25.15,4.39,9.5,43.47,128.3,101.04,2024,11511.9,81.91,0.24
Viet Nam,VNM,False,2024-02-01,Hydro,False,2.56,11.2,25.35,7.35,15.91,72.78,128.3,101.04,2024,11511.9,81.91,0.24
Viet Nam,VNM,False,2024-02-01,Other fossil,False,0.0,0.0,0.0,0.0,0.0,0.0,128.3,101.04,2024,11511.9,81.91,0.24
Viet Nam,VNM,False,2024-02-01,Solar,False,2.45,10.72,24.26,4.57,9.89,45.25,128.3,101.04,2024,11511.9,81.91,0.24
Viet Nam,VNM,False,2024-02-01,Total generation,True,22.85,100.0,226.26,46.2,100.0,457.48,128.3,101.04,2024,11511.9,81.91,0.24
Viet Nam,VNM,False,2024-02-01,Wind,False,0.82,3.59,8.12,2.66,5.76,26.34,128.3,101.04,2024,11511.9,81.91,0.24
Viet Nam,VNM,False,2024-03-01,Coal,False,12.76,59.32,126.35,39.99,59.06,395.99,155.5,99.77,2024,11511.9,87.0,6.21
Viet Nam,VNM,False,2024-03-01,Gas,False,1.67,7.76,16.54,6.06,8.95,60.01,155.5,99.77,2024,11511.9,87.0,6.21
Viet Nam,VNM,False,2024-03-01,Hydro,False,3.27,15.2,32.38,10.62,15.68,105.16,155.5,99.77,2024,11511.9,87.0,6.21
Viet Nam,VNM,False,2024-03-01,Other fossil,False,0.0,0.0,0.0,0.0,0.0,0.0,155.5,99.77,2024,11511.9,87.0,6.21
Viet Nam,VNM,False,2024-03-01,Solar,False,2.04,9.48,20.2,6.61,9.76,65.45,155.5,99.77,2024,11511.9,87.0,6.21
Viet Nam,VNM,False,2024-03-01,Total generation,True,21.51,100.0,213.0,67.71,100.0,670.48,155.5,99.77,2024,11511.9,87.0,6.21
Viet Nam,VNM,False,2024-03-01,Wind,False,1.77,8.23,17.53,4.43,6.54,43.87,155.5,99.77,2024,11511.9,87.0,6.21
Viet Nam,VNM,False,2024-04-01,Coal,False,16.9,64.63,167.35,56.89,60.61,563.33,158.28,100.07,2024,11511.9,86.33,-0.77
Viet Nam,VNM,False,2024-04-01,Gas,False,2.46,9.41,24.36,8.52,9.08,84.37,158.28,100.07,2024,11511.9,86.33,-0.77
Viet Nam,VNM,False,2024-04-01,Hydro,False,3.79,14.49,37.53,14.41,15.35,142.69,158.28,100.07,2024,11511.9,86.33,-0.77
Viet Nam,VNM,False,2024-04-01,Other fossil,False,0.0,0.0,0.0,0.0,0.0,0.0,158.28,100.07,2024,11511.9,86.33,-0.77
Viet Nam,VNM,False,2024-04-01,Solar,False,2.65,10.13,26.24,9.26,9.87,91.69,158.28,100.07,2024,11511.9,86.33,-0.77
Viet Nam,VNM,False,2024-04-01,Total generation,True,26.15,100.0,258.94,93.86,100.0,929.42,158.28,100.07,2024,11511.9,86.33,-0.77
Viet Nam,VNM,False,2024-04-01,Wind,False,0.35,1.34,3.47,4.78,5.09,47.33,158.28,100.07,2024,11511.9,86.33,-0.77
Viet Nam,VNM,False,2024-05-01,Coal,False,17.08,62.38,169.13,73.97,61.01,732.46,165.12,100.05,2024,11511.9,81.11,-6.05
Viet Nam,VNM,False,2024-05-01,Gas,False,2.65,9.68,26.24,11.17,9.21,110.61,165.12,100.05,2024,11511.9,81.11,-6.05
Viet Nam,VNM,False,2024-05-01,Hydro,False,4.67,17.06,46.24,19.08,15.74,188.93,165.12,100.05,2024,11511.9,81.11,-6.05
Viet Nam,VNM,False,2024-05-01,Other fossil,False,0.0,0.0,0.0,0.0,0.0,0.0,165.12,100.05,2024,11511.9,81.11,-6.05
Viet Nam,VNM,False,2024-05-01,Solar,False,2.38,8.69,23.57,11.64,9.6,115.26,165.12,100.05,2024,11511.9,81.11,-6.05
Viet Nam,VNM,False,2024-05-01,Total generation,True,27.38,100.0,271.12,121.24,100.0,1200.54,165.12,100.05,2024,11511.9,81.11,-6.05
Viet Nam,VNM,False,2024-05-01,Wind,False,0.6,2.19,5.94,5.38,4.44,53.27,165.12,100.05,2024,11511.9,81.11,-6.05
Viet Nam,VNM,False,2024-06-01,Coal,False,12.37,45.97,122.49,86.34,58.28,854.95,168.38,100.17,2024,11511.9,85.0,4.8
Viet Nam,VNM,False,2024-06-01,Gas,False,1.95,7.25,19.31,13.12,8.86,129.92,168.38,100.17,2024,11511.9,85.0,4.8
Viet Nam,VNM,False,2024-06-01,Hydro,False,9.55,35.49,94.57,28.63,19.33,283.5,168.38,100.17,2024,11511.9,85.0,4.8
Viet Nam,VNM,False,2024-06-01,Other fossil,False,0.0,0.0,0.0,0.0,0.0,0.0,168.38,100.17,2024,11511.9,85.0,4.8
Viet Nam,VNM,False,2024-06-01,Solar,False,2.27,8.44,22.48,13.91,9.39,137.74,168.38,100.17,2024,11511.9,85.0,4.8
Viet Nam,VNM,False,2024-06-01,Total generation,True,26.91,100.0,266.47,148.15,100.0,1467.01,168.38,100.17,2024,11511.9,85.0,4.8
Viet Nam,VNM,False,2024-06-01,Wind,False,0.77,2.86,7.62,6.15,4.15,60.9,168.38,100.17,2024,11511.9,85.0,4.8
Viet Nam,VNM,False,2024-07-01,Coal,False,10.06,37.12,99.62,96.4,55.01,954.57,169.53,100.48,2024,11511.9,80.84,-4.89
Viet Nam,VNM,False,2024-07-01,Gas,False,1.53,5.65,15.15,14.65,8.36,145.07,169.53,100.48,2024,11511.9,80.84,-4.89
Viet Nam,VNM,False,2024-07-01,Hydro,False,12.27,45.28,121.5,40.9,23.34,405.0,169.53,100.48,2024,11511.9,80.84,-4.89
Viet Nam,VNM,False,2024-07-01,Other fossil,False,0.0,0.0,0.0,0.0,0.0,0.0,169.53,100.48,2024,11511.9,80.84,-4.89
Viet Nam,VNM,False,2024-07-01,Solar,False,2.09,7.71,20.7,16.0,9.13,158.43,169.53,100.48,2024,11511.9,80.84,-4.89
Viet Nam,VNM,False,2024-07-01,Total generation,True,27.1,100.0,268.35,175.25,100.0,1735.35,169.53,100.48,2024,11511.9,80.84,-4.89
Viet Nam,VNM,False,2024-07-01,Wind,False,1.15,4.24,11.39,7.3,4.17,72.29,169.53,100.48,2024,11511.9,80.84,-4.89
Viet Nam,VNM,False,2024-08-01,Coal,False,9.17,36.16,90.8,105.57,52.62,1045.37,171.15,100.0,2024,11511.9,76.93,-4.84
Viet Nam,VNM,False,2024-08-01,Gas,False,1.18,4.65,11.68,15.83,7.89,156.75,171.15,100.0,2024,11511.9,76.93,-4.84
Viet Nam,VNM,False,2024-08-01,Hydro,False,12.06,47.56,119.42,52.96,26.4,524.42,171.15,100.0,2024,11511.9,76.93,-4.84
Viet Nam,VNM,False,2024-08-01,Other fossil,False,0.0,0.0,0.0,0.0,0.0,0.0,171.15,100.0,2024,11511.9,76.93,-4.84
Viet Nam,VNM,False,2024-08-01,Solar,False,2.18,8.6,21.59,18.18,9.06,180.02,171.15,100.0,2024,11511.9,76.93,-4.84
Viet Nam,VNM,False,2024-08-01,Total generation,True,25.36,100.0,251.12,200.61,100.0,1986.47,171.15,100.0,2024,11511.9,76.93,-4.84
Viet Nam,VNM,False,2024-08-01,Wind,False,0.77,3.04,7.62,8.07,4.02,79.91,171.15,100.0,2024,11511.9,76.93,-4.84
Viet Nam,VNM,False,2024-09-01,Coal,False,9.7,36.37,96.05,115.27,50.72,1141.42,165.34,100.29,2024,11511.9,71.77,-6.71
Viet Nam,VNM,False,2024-09-01,Gas,False,1.36,5.1,13.47,17.19,7.56,170.22,165.34,100.29,2024,11511.9,71.77,-6.71
Viet Nam,VNM,False,2024-09-01,Hydro,False,12.61,47.28,124.87,65.57,28.85,649.29,165.34,100.29,2024,11511.9,71.77,-6.71
Viet Nam,VNM,False,2024-09-01,Other fossil,False,0.0,0.0,0.0,0.0,0.0,0.0,165.34,100.29,2024,11511.9,71.77,-6.71
Viet Nam,VNM,False,2024-09-01,Solar,False,2.22,8.32,21.98,20.4,8.98,202.0,165.34,100.29,2024,11511.9,71.77,-6.71
Viet Nam,VNM,False,2024-09-01,Total generation,True,26.67,100.0,264.09,227.28,100.0,2250.56,165.34,100.29,2024,11511.9,71.77,-6.71
Viet Nam,VNM,False,2024-09-01,Wind,False,0.78,2.92,7.72,8.85,3.89,87.63,165.34,100.29,2024,11511.9,71.77,-6.71
Viet Nam,VNM,False,2024-10-01,Coal,False,10.72,42.07,106.15,125.99,49.85,1247.57,171.97,100.33,2024,11511.9,72.81,1.45
Viet Nam,VNM,False,2024-10-01,Gas,False,1.27,4.98,12.58,18.46,7.3,182.79,171.97,100.33,2024,11511.9,72.81,1.45
Viet Nam,VNM,False,2024-10-01,Hydro,False,10.74,42.15,106.35,76.31,30.19,755.63,171.97,100.33,2024,11511.9,72.81,1.45
Viet Nam,VNM,False,2024-10-01,Other fossil,False,0.0,0.0,0.0,0.0,0.0,0.0,171.97,100.33,2024,11511.9,72.81,1.45
Viet Nam,VNM,False,2024-10-01,Solar,False,2.04,8.01,20.2,22.44,8.88,222.2,171.97,100.33,2024,11511.9,72.81,1.45
Viet Nam,VNM,False,2024-10-01,Total generation,True,25.48,100.0,252.31,252.76,100.0,2502.87,171.97,100.33,2024,11511.9,72.81,1.45
Viet Nam,VNM,False,2024-10-01,Wind,False,0.71,2.79,7.03,9.56,3.78,94.66,171.97,100.33,2024,11511.9,72.81,1.45
Viet Nam,VNM,False,2024-11-01,Coal,False,11.19,39.14,110.81,137.18,48.76,1358.38,173.78,100.13,2024,11511.9,71.84,-1.33
Viet Nam,VNM,False,2024-11-01,Gas,False,3.1,10.84,30.7,21.56,7.66,213.49,173.78,100.13,2024,11511.9,71.84,-1.33
Viet Nam,VNM,False,2024-11-01,Hydro,False,10.53,36.83,104.27,86.84,30.87,859.9,173.78,100.13,2024,11511.9,71.84,-1.33
Viet Nam,VNM,False,2024-11-01,Other fossil,False,0.0,0.0,0.0,0.0,0.0,0.0,173.78,100.13,2024,11511.9,71.84,-1.33
Viet Nam,VNM,False,2024-11-01,Solar,False,2.55,8.92,25.25,24.99,8.88,247.46,173.78,100.13,2024,11511.9,71.84,-1.33
Viet Nam,VNM,False,2024-11-01,Total generation,True,28.59,100.0,283.1,281.35,100.0,2785.97,173.78,100.13,2024,11511.9,71.84,-1.33
Viet Nam,VNM,False,2024-11-01,Wind,False,1.22,4.27,12.08,10.78,3.83,106.75,173.78,100.13,2024,11511.9,71.84,-1.33
Viet Nam,VNM,False,2024-12-01,Coal,False,10.54,39.17,104.37,147.72,47.92,1462.75,175.15,100.29,2024,11511.9,74.64,3.9
Viet Nam,VNM,False,2024-12-01,Gas,False,1.91,7.1,18.91,23.47,7.61,232.4,175.15,100.29,2024,11511.9,74.64,3.9
Viet Nam,VNM,False,2024-12-01,Hydro,False,11.29,41.95,111.8,98.13,31.83,971.7,175.15,100.29,2024,11511.9,74.64,3.9
Viet Nam,VNM,False,2024-12-01,Other fossil,False,0.0,0.0,0.0,0.0,0.0,0.0,175.15,100.29,2024,11511.9,74.64,3.9
Viet Nam,VNM,False,2024-12-01,Solar,False,2.27,8.44,22.48,27.26,8.84,269.93,175.15,100.29,2024,11511.9,74.64,3.9
Viet Nam,VNM,False,2024-12-01,Total generation,True,26.91,100.0,266.47,308.26,100.0,3052.44,175.15,100.29,2024,11511.9,74.64,3.9
Viet Nam,VNM,False,2024-12-01,Wind,False,0.9,3.34,8.91,11.68,3.79,115.66,175.15,100.29,2024,11511.9,74.64,3.9
